id,name_tr,name_en,category,sub_category,city,district,neighbourhood,address,region_id,summary_tr,summary_en,opening_hours,ticket_required,website,main_image_url,is_unesco,protection_status,source_name,source_url,last_update,lon,lat
TR-00001,Adana Ulu Camii,Adana Grand Mosque,Religious Site,Mosque,Adana,Seyhan,Ulucami,"Ulucami Mahallesi, Abidin Dino Cd. No:1, 01010 Seyhan/Adana",TR-EAST,"Adana Ulu Camii, Adana'da yer alan tarihi bir camidir. Cami, Ramazanoğulları Beyliği döneminde 16. yüzyılda Halil Bey tarafından yaptırılmıştır. Selçuklu ve Memluklu mimarisinden izler taşır.","The Grand Mosque is a 16th-century mosque in Adana, Turkey. It is part of a complex (külliye) that includes a madrasah and a mausoleum. It was built by Halil Bey during the Ramazanoglu period, featuring Seljuk and Mamluk architectural influences.",Açık,FALSE,,,FALSE,,"Wikipedia, Muze.gov.tr",https://en.wikipedia.org/wiki/Great_Mosque_of_Adana,2023-10-26,35.326944,36.984167
TR-00002,Ağrı Dağı Kültürel Peyzajı,Mount Ararat Cultural Landscape,Doğal ve Kültürel Miras,Dağ ve Kültürel Peyzaj,Ağrı,Doğubayazıt,,"Doğubayazıt, Ağrı, Türkiye",TR-EAST,"Ağrı Dağı, Türkiye'nin en yüksek dağıdır ve hem doğal güzellikleri hem de kültürel önemiyle dikkat çeker. Bölge, çeşitli medeniyetlere ev sahipliği yapmış olup, efsanelere konu olmuştur. Özellikle Nuh'un Gemisi efsanesiyle ilişkilendirilir.","Mount Ararat is the highest mountain in Turkey and is notable for its natural beauty and cultural significance. The region has been home to various civilizations and is the subject of legends, particularly associated with the legend of Noah's Ark.",,FALSE,,,FALSE,Doğal Sit Alanı,"Wikipedia, Unesco, Muze.gov.tr",https://tr.wikipedia.org/wiki/A%C4%9Fr%C4%B1_Da%C4%9F%C4%B1,2023-10-26,43.0049,39.7032
TR-00003,Ahlat Selçuklu Mezarlığı,Ahlat Seljuk Cemetery,Mezarlık,Selçuklu Mezarlığı,Bitlis,Ahlat,,,TR-EAST,"Ahlat Selçuklu Mezarlığı, Türkiye'nin Bitlis ilinin Ahlat ilçesinde bulunan tarihi bir mezarlıktır. UNESCO Dünya Mirası Geçici Listesi'ndedir.","The Ahlat Seljuk Cemetery is a historical cemetery located in the Ahlat district of Bitlis, Turkey. It is on the UNESCO World Heritage Tentative List.",,FALSE,,,TRUE,,"Wikipedia, Unesco, Muze.gov.tr",https://whc.unesco.org/en/tentativelists/5942/,2023-10-26,42.090556,38.7575
TR-00004,Akdamar Kilisesi,Akdamar Church,Tarihi ve Dini Yapı,Kilise,Van,Gevaş,,"Akdamar Adası, Gevaş, Van, Türkiye",TR-EAST,"Akdamar Kilisesi, Van Gölü'ndeki Akdamar Adası'nda yer alan bir Ermeni kilisesidir. 10. yüzyılda inşa edilmiştir ve mimari açıdan önemlidir. Hristiyanlık için önemi büyüktür.",Akdamar Church is an Armenian church located on Akdamar Island in Lake Van. It was built in the 10th century and is architecturally significant. It is of great importance to Christianity.,08:00-19:00,TRUE,,,TRUE,Koruma Altında,"Wikipedia, Unesco, Muze.gov.tr",https://muze.gov.tr/muze-detay?SectionId=AKD01&DistId=AKD,2023-10-26,43.044444,43.116667
TR-00005,Altıntepe Urartu Kenti,Altintepe Urartu City,Arkeolojik Sit Alanı,Urartu Kenti,Erzincan,Üzümlü,Altıntepe Köyü,"Altıntepe Köyü, Üzümlü, Erzincan",TR-EAST,"Altıntepe, Erzincan Ovası'na hakim bir tepe üzerinde kurulmuş bir Urartu kentidir. MÖ 9. yüzyılda inşa edilmiş ve MÖ 7. yüzyıla kadar kullanılmıştır. Kazılarda tapınak, saray, surlar ve mezarlar ortaya çıkarılmıştır.","Altıntepe is an Urartian city built on a hill dominating the Erzincan Plain. It was built in the 9th century BC and used until the 7th century BC. A temple, palace, walls and tombs have been unearthed during excavations.",08:00-19:00,TRUE,,,FALSE,Tescilli Arkeolojik Sit Alanı,"Wikipedia, Unesco, Muze.gov.tr",https://muze.gov.tr/muze-detay?SectionId=ALT01&PlaceId=3679,2023-10-26,39.866667,39.683333
TR-00006,Anavarza Antik Kenti,Anavarza Ancient City,Antik Kent,Arkeolojik Alan,Adana,Kozan,Dilekkaya,,TR-EAST,"Anavarza (Anazarbus), Kilikya bölgesinde yer alan antik bir kenttir. Roma döneminde önemli bir merkez olmuş ve daha sonra Bizans döneminde de varlığını sürdürmüştür. Kent, özellikle zafer takı, sütunlu cadde, hamam, tiyatro ve stadyumu ile tanınır. Ayrıca, Orta Çağ'da inşa edilmiş olan Anavarza Kalesi de önemli bir yapıdır.","Anavarza (Anazarbus) was an ancient city located in the Cilicia region. It was an important center during the Roman period and continued its existence in the Byzantine period. The city is known for its triumphal arch, colonnaded street, bath, theater, and stadium. In addition, Anavarza Castle, built in the Middle Ages, is also an important structure.",,TRUE,,,TRUE,,"Wikipedia, Unesco, Muze.gov.tr",https://muze.gov.tr/muze-detay?SectionId=ADA01&DistId=ADA,2023-10-26,35.485278,37.466667
TR-00007,Andriake Antik Kenti,Andriake Ancient City,Antik Kent,Liman Kenti,Antalya,Demre,Gökyazı,"Gökyazı Mahallesi, Demre, Antalya, Türkiye",TR-EAST,"Andriake, Antalya'nın Demre ilçesinde bulunan antik bir liman kentidir. Likya uygarlığının önemli merkezlerinden biri olmuştur. Günümüzde müze ve ören yeri olarak ziyaret edilebilmektedir.","Andriake was an ancient harbor city located in Demre, Antalya. It was one of the important centers of the Lycian civilization. Today, it can be visited as a museum and ancient site.",08:00-17:30,TRUE,,,FALSE,Sit Alanı,"Wikipedia, Unesco, Muze.gov.tr",https://muze.gov.tr/muze-detay?SectionId=ANT01&DistId=ANT,2023-10-26,29.641667,36.243611
TR-00008,Ani Antik Kenti,Ancient City of Ani,Antik Kent,Arkeolojik Sit Alanı,Kars,Merkez,Ocaklı Köyü,"Ani Ören Yeri, Ocaklı Köyü, Kars Merkez",TR-EAST,"Ani, Türkiye-Ermenistan sınırında yer alan, Orta Çağ'dan kalma bir antik şehirdir. Bir zamanlar Bagratlı Ermenistan Krallığı'nın başkenti olan Ani, günümüzde terkedilmiş ve harabe halindedir. UNESCO Dünya Mirası Listesi'ndedir.","Ani is a ruined medieval Armenian city situated in the Turkish province of Kars, near the closed border with Armenia. It was once the capital of the Bagratid Armenian kingdom and is now a deserted, ruined site. It is a UNESCO World Heritage Site.",08:00-19:00,TRUE,,,TRUE,SİT Alanı,"Wikipedia, Unesco, Muze.gov.tr","https://whc.unesco.org/en/list/1518/, https://muze.gov.tr/muze-detay?SectionId=ANI01&DistId=ANI",2023-10-26,43.5725,40.505833
TR-00009,Antakya Mozaik Müzesi,Antakya Mosaic Museum,Müze,Mozaik Müzesi,Hatay,Antakya,Güllübahçe,"Güllübahçe Mahallesi, Vali Göbeği Sokak, No: 2, Antakya, Hatay",TR-EAST,"Antakya Mozaik Müzesi, Türkiye'nin Hatay ilinin Antakya ilçesinde bulunan ve dünyanın en önemli mozaik koleksiyonlarından birine sahip olan müzedir. Roma ve Bizans dönemlerine ait mozaikler sergilenmektedir.","The Antakya Mosaic Museum is an archeology museum located in Antakya, Turkey that houses one of the largest collections of Roman mosaics in the world.",08:00-17:30,TRUE,,,FALSE,,"Wikipedia, Unesco, Muze.gov.tr",https://muze.gov.tr/muze-detay?SectionId=ANT01&DistId=ANT,2023-10-26,36.205833,36.195
TR-00010,Arak Manastırı,Arak Monastery,Manastır,Hristiyanlık,Van,Gevaş,,,TR-EAST,"Arak Manastırı, Van'ın Gevaş ilçesinde bulunan tarihi bir Ermeni manastırıdır. Manastırın ne zaman inşa edildiği kesin olarak bilinmemekle birlikte, 11. yüzyılda yapıldığı tahmin edilmektedir. Manastır, Van Gölü'ne hakim bir tepe üzerinde yer almaktadır.","Arak Monastery is a historical Armenian monastery located in the Gevaş district of Van. Although it is not known exactly when the monastery was built, it is estimated to have been built in the 11th century. The monastery is located on a hill overlooking Lake Van.",,FALSE,,,FALSE,,"Wikipedia, Unesco, Muze.gov.tr",https://www.muze.gov.tr/,2023-11-19,43.445833,42.988889
TR-00011,Ardahan Kalesi,Ardahan Castle,Kale,,Ardahan,Merkez,,Ardahan Merkez,TR-EAST,"Ardahan Kalesi, Ardahan şehir merkezinde, Kura Nehri'nin batı kıyısında yer alan tarihi bir kaledir. Kale, farklı dönemlerde Gürcüler, Osmanlılar ve Ruslar tarafından kullanılmıştır. Günümüzde restore edilerek turizme kazandırılmıştır.","Ardahan Castle is a historical castle located in the city center of Ardahan, on the west bank of the Kura River. The castle was used by Georgians, Ottomans, and Russians in different periods. Today, it has been restored and opened to tourism.",,FALSE,,,FALSE,,"Wikipedia, Muze.gov.tr","https://tr.wikipedia.org/wiki/Ardahan_Kalesi, https://muze.gov.tr/",2023-10-26,42.704444,41.111944
TR-00012,Arsameia Antik Kenti,Arsameia Ancient City,Antik Kent,Arkeolojik Sit Alanı,Adıyaman,Kahta,Eski Kahta,"Eski Kahta Köyü Yakınları, Kahta, Adıyaman",TR-EAST,"Arsameia, Kommagene Krallığı'nın önemli bir antik kentidir. Kent, özellikle Mithras'ın kült merkezi olarak bilinir ve kraliyet ailesinin yazlık başkenti olarak hizmet vermiştir.",Arsameia is an important ancient city of the Kingdom of Commagene. The city is particularly known as the cult center of Mithras and served as the summer capital of the royal family.,08:00-17:00,FALSE,,,TRUE,Sit Alanı,"Wikipedia, Unesco, Muze.gov.tr",https://muze.gov.tr/muze-detay?SectionId=ARS01&DistId=ARS,2023-10-26,39.013889,38.716667
TR-00013,Arslantepe Höyüğü,Arslantepe Mound,Arkeolojik Sit Alanı,Höyük,Malatya,Battalgazi,,"Arslantepe Ören Yeri, Battalgazi/Malatya",TR-EAST,"Arslantepe Höyüğü, Malatya'da yer alan ve MÖ 5. binyıldan MS 11. yüzyıla kadar yerleşim görmüş bir höyüktür. UNESCO Dünya Mirası Listesi'ndedir.","Arslantepe Mound is an archaeological site located in Malatya, Turkey, that has been inhabited from the 5th millennium BC to the 11th century AD. It is a UNESCO World Heritage Site.",08:00-19:00,TRUE,,,TRUE,UNESCO Dünya Mirası,"Wikipedia, Unesco, Muze.gov.tr","https://whc.unesco.org/en/list/1622/, https://muze.gov.tr/muze-detay?SectionId=ARS01&PlaceId=7",2023-10-26,38.691944,38.348889
TR-00014,Aspendos Antik Tiyatrosu,Aspendos Ancient Theatre,Tarihi Yapı,Antik Tiyatro,Antalya,Serik,Belkıs,"Aspendos Ören Yeri, Belkıs, Serik/Antalya",TR-EAST,"Aspendos Antik Tiyatrosu, Antalya'nın Serik ilçesinde bulunan ve Roma dönemine ait olan antik bir tiyatrodur. M.S. 2. yüzyılda inşa edilen tiyatro, günümüze kadar oldukça iyi korunmuş ve hala çeşitli etkinliklere ev sahipliği yapmaktadır. Sahne binası ve oturma sıraları neredeyse ilk günkü gibi sağlamdır.","The Aspendos Ancient Theatre is a Roman theatre in Antalya's Serik district. Built in the 2nd century AD, the theatre is very well preserved and still hosts various events. The stage building and seating rows are almost as solid as they were on the first day.",08:00-19:00,TRUE,,,TRUE,Koruma Altında,"Wikipedia, Unesco, Muze.gov.tr",https://muze.gov.tr/muze-detay?SectionId=ANT01&DistId=ANT,2023-10-26,30.950278,36.945
TR-00015,Bakırcılar Çarşısı,Coppersmiths Bazaar,Çarşı,El Sanatları Çarşısı,Gaziantep,Şahinbey,,"Bakırcılar Çarşısı, Şahinbey, Gaziantep, Türkiye",TR-EAST,"Bakırcılar Çarşısı, Gaziantep'te yer alan tarihi bir çarşıdır. Çarşıda bakır işlemeciliği ürünleri satılmaktadır.","The Coppersmiths Bazaar is a historical market located in Gaziantep, Turkey, where copperware products are sold.",,FALSE,,,FALSE,,Wikipedia,https://tr.wikipedia.org/wiki/Bak%C4%B1rc%C4%B1lar_%C3%87ar%C5%9F%C4%B1s%C4%B1,2023-11-19,37.0625,37.3833
TR-00016,Balıklıgöl Kompleksi,Balikli Gol Complex,Tarihi ve Dini Mekan,Göl ve Kutsal Alan,Şanlıurfa,Eyyübiye,,"Eyyübiye, Şanlıurfa, Türkiye",TR-EAST,"Balıklıgöl, Şanlıurfa'da yer alan ve Halil-ür Rahman Gölü ile Aynzeliha Gölü'nü içeren tarihi ve turistik bir komplekstir. İnanışa göre, İbrahim peygamber ateşe atıldığında bu göller oluşmuştur ve içindeki balıklar da o ateşin odunlarından meydana gelmiştir.","Balikli Gol is a historical and touristic complex in Şanlıurfa, Turkey, comprising the Halil-ür Rahman Lake and Aynzeliha Lake. According to belief, these lakes were formed when the prophet Abraham was thrown into the fire, and the fish in them originated from the wood of that fire.",Her gün açık,FALSE,,,FALSE,Sit Alanı,"Wikipedia, Unesco, Muze.gov.tr",https://tr.wikipedia.org/wiki/Bal%C4%B1kl%C4%B1g%C3%B6l,2023-10-26,38.7844,39.7628
TR-00017,Battalgazi Ulu Camii,Battalgazi Grand Mosque,Dini Yapı,Cami,Malatya,Battalgazi,Ulu Camii Mahallesi,"Ulu Camii Mahallesi, Battalgazi, Malatya",TR-EAST,"Battalgazi Ulu Camii, Malatya'nın Battalgazi ilçesinde bulunan tarihi bir camidir. 13. yüzyılda Selçuklu Sultanı Alaeddin Keykubad tarafından yaptırılmıştır.",The Great Mosque of Battalgazi is a historical mosque located in the Battalgazi district of Malatya. It was built in the 13th century by the Seljuk Sultan Alaeddin Keykubad.,,FALSE,,,FALSE,Tescilli,"Wikipedia, Unesco, Muze.gov.tr",https://muze.gov.tr/,2023-10-26,38.461111,38.344167
TR-00018,Bitlis Kalesi,Bitlis Castle,Kale,,Bitlis,Bitlis Merkez,,,TR-EAST,"Bitlis Kalesi, Bitlis il merkezinde bulunan tarihi bir kaledir. Kale, sarp bir kaya üzerine kurulmuştur ve şehrin önemli simgelerinden biridir. Savunma amaçlı inşa edilmiştir.",Bitlis Castle is a historical castle located in the city center of Bitlis. The castle was built on a steep rock and is one of the important symbols of the city. It was built for defense purposes.,,FALSE,,,FALSE,,"Wikipedia, Muze.gov.tr","https://tr.wikipedia.org/wiki/Bitlis_Kalesi, https://muze.gov.tr/",2023-10-20,42.111944,38.401944
TR-00019,Büyük Saat Kulesi,Adana Clock Tower,Mimari,Saat Kulesi,Adana,Seyhan,Ulucami,"Ali Münif Yeğenağa Caddesi, Seyhan, Adana",TR-EAST,"Büyük Saat, Adana'da bulunan tarihi bir saat kulesidir. 1882 yılında yapımına başlanmış ve 1882 yılında tamamlanmıştır. 32 metre yüksekliği ile Türkiye'nin en yüksek saat kulelerinden biridir.","Büyük Saat (English: Grand Clock Tower) is a historical clock tower in Adana, Turkey. It is the tallest clock tower in Turkey.",,FALSE,,,FALSE,Tescilli Kültür Varlığı,Wikipedia,https://tr.wikipedia.org/wiki/B%C3%BCy%C3%BCk_Saat,2023-10-26,35.326944,36.987778
TR-00020,Cendere Köprüsü,Cendere Bridge,Mimari,Köprü,Adıyaman,Kâhta,,"Cendere Vadisi, Kâhta, Adıyaman, Türkiye",TR-EAST,"Cendere Köprüsü, Türkiye'nin Adıyaman ilinin Kâhta ilçesi yakınlarında bulunan tarihi bir Roma köprüsüdür. Köprü, Cendere Çayı üzerinde yer alır ve antik Kommagene Krallığı döneminde inşa edilmiştir.","The Cendere Bridge is a Roman bridge near the ancient city of Arsameia (today Eski Kale) in Adıyaman Province, in southeastern Turkey. It is located on the road between Kâhta and Sincik, and crosses the Cendere River (Çendere Çayı), a tributary of the Kâhta Creek.",,FALSE,,,TRUE,Sit Alanı,"Wikipedia, Unesco, Muze.gov.tr","https://tr.wikipedia.org/wiki/Cendere_K%C3%B6pr%C3%BCs%C3%BC, https://whc.unesco.org/en/tentativelists/5905, https://muze.gov.tr/",2023-10-26,38.069722,38.644167
TR-00021,Cennet Cehennem Obrukları,Heaven and Hell Sinkholes,Doğal Oluşum,Obruk,Mersin,Silifke,Uzuncaburç,"Uzuncaburç, 33950 Silifke/Mersin, Türkiye",TR-EAST,"Cennet ve Cehennem obrukları, Türkiye'nin Mersin ilinin Silifke ilçesinde yer alan iki büyük obruktur. Cennet Obruğu'nun tabanına Meryem Ana Kilisesi inşa edilmiştir. Cehennem Obruğu ise derinliği nedeniyle yalnızca izlenebilmektedir.","The Heaven and Hell sinkholes are two large sinkholes located in the Silifke district of Mersin, Turkey. The Church of the Virgin Mary was built at the bottom of the Heaven Sinkhole. The Hell Sinkhole can only be observed due to its depth.",08:00–17:00,TRUE,,,FALSE,,"Wikipedia, Muze.gov.tr",https://tr.wikipedia.org/wiki/Cennet_ve_Cehennem_obruklar%C4%B1,2023-10-26,34.155556,36.526944
TR-00022,Çifte Minareli Medrese,Double Minaret Madrasa,Tarihi Yapı,Medrese,Erzurum,Yakutiye,Cami Nebi,"Cami Nebi Mahallesi, Çifte Minareli Medrese, Yakutiye, Erzurum",TR-EAST,"Çifte Minareli Medrese, Erzurum'da bulunan ve Anadolu Selçuklu dönemine ait önemli bir yapıdır. 13. yüzyılın sonlarında inşa edildiği tahmin edilmektedir. Medrese, adını iki yüksek minaresinden almaktadır ve taş işçiliği ile dikkat çekmektedir. Günümüzde müze olarak hizmet vermektedir.","The Double Minaret Madrasa is a significant Anatolian Seljuk structure located in Erzurum. It is estimated to have been built in the late 13th century. The madrasa, named after its two tall minarets, is notable for its stone workmanship. Today, it serves as a museum.",08:30-17:30,FALSE,,,FALSE,Kültür Varlığı,"Wikipedia, Unesco, Muze.gov.tr",https://muze.gov.tr/muze-detay?SectionId=ERZ01&DistId=ERZ,2023-10-26,41.270556,36.485278
TR-00023,Cizre Ulu Camii,Cizre Grand Mosque,Dini Yapı,Cami,Şırnak,Cizre,Kale,"Kale Mahallesi, Cizre, Şırnak, Türkiye",TR-EAST,"Cizre Ulu Camii, Şırnak'ın Cizre ilçesinde yer alan tarihi bir camidir. Caminin ilk olarak ne zaman inşa edildiği kesin olarak bilinmemekle birlikte, farklı dönemlerde çeşitli eklemeler ve onarımlar geçirmiştir. Cami, özellikle Artuklu ve Abbasi dönemlerine ait izler taşımaktadır.","The Grand Mosque of Cizre is a historical mosque located in the Cizre district of Şırnak. Although the exact date of the mosque's initial construction is unknown, it has undergone various additions and repairs over different periods. The mosque bears traces of the Artuqid and Abbasid periods.",,FALSE,,,FALSE,Tescilli,"Wikipedia, Muze.gov.tr","https://tr.wikipedia.org/wiki/Cizre_Ulu_Camii, https://muze.gov.tr/",2023-10-26,42.191667,37.328889
TR-00024,Dara Antik Kenti,Dara Ancient City,Tarihi Kent,Arkeolojik Sit Alanı,Mardin,Artuklu,Oğuz,"Oğuz, 47100 Artuklu/Mardin, Türkiye",TR-EAST,"Dara Antik Kenti, Mardin'in 30 kilometre güneydoğusunda, Türkiye-Suriye sınırına yakın Oğuz Köyü'nde bulunan antik bir şehirdir. Kökeni MÖ 5. yüzyıla kadar uzanmaktadır ve Doğu Roma İmparatorluğu döneminde önemli bir askeri üs olmuştur. Şehirde kiliseler, saraylar, çarşılar, zindanlar ve su sarnıçları gibi yapılar bulunmaktadır. Nekropol alanı, ziyaretçilerin en çok ilgisini çeken yerlerden biridir.","Dara Ancient City is an ancient city located 30 kilometers southeast of Mardin, near the Turkish-Syrian border, in Oğuz Village. Its origins date back to the 5th century BC and it was an important military base during the Eastern Roman Empire. The city contains structures such as churches, palaces, bazaars, dungeons and water cisterns. The necropolis area is one of the most popular places for visitors.",,FALSE,,,FALSE,Sit Alanı,"Wikipedia, Muze.gov.tr","https://tr.wikipedia.org/wiki/Dara_Antik_Kenti, https://muze.gov.tr/mekan/mardin-dara-antik-kenti",2023-10-26,40.944444,37.346944
TR-00025,Derviş Hüseyin Ocağı,Derviş Hüseyin Ocağı,Inanç Merkezi,Alevi Ocağı,Konya,Cihanbeyli,,,TR-EAST,"Derviş Hüseyin Ocağı, Konya'nın Cihanbeyli ilçesinde bulunan bir Alevi ocağıdır. Bölgedeki Alevi topluluğu için önemli bir ziyaret ve ibadet yeridir. ",Derviş Hüseyin Ocağı is an Alevi Ocak located in the Cihanbeyli district of Konya. It is an important place of pilgrimage and worship for the Alevi community in the region. ,,FALSE,,,FALSE,,Wikipedia,https://tr.wikipedia.org/wiki/Dervi%C5%9F_H%C3%BCseyin_Oca%C4%9F%C4%B1,2024-01-01,39.7575,32.8436
TR-00026,Deyrulzafaran Manastırı,Deyrulzafaran Monastery,İnanç Turizmi,Manastır,Mardin,Merkez,Deyrulzafaran,"Deyrulzafaran Köyü, 47100 Mardin Merkez/Mardin",TR-EAST,"Deyrulzafaran Manastırı, Mardin'de bulunan Süryani Ortodoks manastırı. MS 5. yüzyılda inşa edilmiştir ve yüzyıllar boyunca Süryani Ortodoks Kilisesi'nin önemli merkezlerinden biri olmuştur. Manastır, mimarisi, freskleri ve dini önemi ile bilinir.","Deyrulzafaran Monastery is a Syriac Orthodox monastery located near Mardin, Turkey. It is considered one of the oldest monasteries in the world and has been an important center for the Syriac Orthodox Church for centuries.",09:00-17:00,TRUE,,,FALSE,Kültür ve Turizm Bakanlığı tarafından koruma altında,"Wikipedia, Unesco, Muze.gov.tr","https://tr.wikipedia.org/wiki/Deyr%C3%BClzafer%C3%A2n_Manast%C4%B1r%C4%B1, https://muze.gov.tr/",2023-10-26,40.6825,37.326944
TR-00027,Diyarbakır Surları,Diyarbakır Fortress,Tarihi Eser,Savunma Yapısı,Diyarbakır,Sur,,"Sur, Diyarbakır, Türkiye",TR-EAST,"Diyarbakır Surları, Diyarbakır şehrini çevreleyen tarihi surlardır. Çin Seddi'nden sonra dünyanın en uzun ve geniş surlarıdır. 2015 yılında UNESCO Dünya Mirası olarak tescil edilmiştir.","The Diyarbakır Fortress is a historical fortress surrounding the city of Diyarbakır in Turkey. It is the world's second longest continuous defensive wall, after the Great Wall of China. It became a UNESCO World Heritage Site in 2015.",,FALSE,,,TRUE,UNESCO Dünya Mirası,"Wikipedia, Unesco, Muze.gov.tr","https://whc.unesco.org/en/list/1488/, https://muze.gov.tr/",2023-10-26,37.913611,40.242222
TR-00028,Diyarbakır Ulu Camii,Diyarbakır Grand Mosque,Cami,Ulu Cami,Diyarbakır,Sur,,"Sur, Diyarbakır, Türkiye",TR-EAST,"Diyarbakır Ulu Camii, Türkiye'nin Diyarbakır ilinde bulunan tarihi bir camidir. İslam dünyasının en eski ve önemli camilerinden biri olarak kabul edilir.","The Great Mosque of Diyarbakır is a historic mosque in Diyarbakır, Turkey. It is considered one of the oldest and most important mosques in the Islamic world.",,FALSE,,,TRUE,UNESCO Dünya Mirası,"Wikipedia, Unesco, Muze.gov.tr",https://muze.gov.tr/,2023-10-26,37.914444,40.24
TR-00029,Doğubayazıt Kalesi,Doğubayazıt Castle,Kale,,Ağrı,Doğubayazıt,,,TR-EAST,"Doğubayazıt Kalesi, Ağrı'nın Doğubayazıt ilçesinde bulunan tarihi bir kaledir. Urartular tarafından inşa edildiği tahmin edilmektedir. Kale, stratejik bir konumda yer almaktadır ve tarih boyunca birçok medeniyet tarafından kullanılmıştır.",Doğubayazıt Castle is a historical castle located in the Doğubayazıt district of Ağrı. It is estimated to have been built by the Urartians. The castle is located in a strategic location and has been used by many civilizations throughout history.,,FALSE,,,FALSE,,Wikipedia,https://tr.wikipedia.org/wiki/Do%C4%9Fubayaz%C4%B1t_Kalesi,,44.288889,39.549167
TR-00030,Eğirdir Kalesi,Eğirdir Castle,Tarihi,Kale,Isparta,Eğirdir,Kale Mahallesi,"Kale Mahallesi, Eğirdir, Isparta",TR-EAST,"Eğirdir Kalesi, Eğirdir ilçe merkezinde bulunan tarihi bir kaledir. Kale hakkında kesin bir bilgi olmamakla birlikte, Bizans döneminde yapıldığı tahmin edilmektedir. Farklı dönemlerde onarımlar görmüştür.","Eğirdir Castle is a historical castle located in the town center of Eğirdir. Although there is no definite information about the castle, it is estimated to have been built during the Byzantine period. It has been repaired in different periods.",,FALSE,,,FALSE,,Wikipedia,https://tr.wikipedia.org/wiki/E%C4%9Firdir_Kalesi,2023-10-26,30.855833,37.879167
TR-00031,Erzurum Kalesi,Erzurum Castle,Tarihi Eser,Kale,Erzurum,Yakutiye,Merkez,"Merkez, Kale Cd. No:4, 25100 Yakutiye/Erzurum",TR-EAST,"Erzurum Kalesi, Erzurum şehir merkezinde yer alan tarihi bir kaledir. Kale, farklı dönemlerde çeşitli medeniyetler tarafından kullanılmıştır ve şehrin önemli simgelerinden biridir.",Erzurum Castle is a historical castle located in the city center of Erzurum. The castle has been used by various civilizations in different periods and is one of the important symbols of the city.,,FALSE,,,FALSE,,"Wikipedia, Muze.gov.tr","https://tr.wikipedia.org/wiki/Erzurum_Kalesi, https://muze.gov.tr/",2023-10-26,41.274444,39.914167
TR-00032,Gaziantep Kalesi,Gaziantep Castle,Tarihi Eser,Kale,Gaziantep,Şahinbey,Kaleboynu,"Şahinbey, Gaziantep",TR-EAST,"Gaziantep Kalesi, Gaziantep il merkezinde yer alan tarihi bir kaledir. Kalenin ne zaman ve kimler tarafından yapıldığı kesin olarak bilinmemektedir. Ancak, kalenin Roma döneminde bir gözetleme kulesi olarak kullanıldığı ve daha sonra Bizans İmparatorluğu döneminde genişletildiği düşünülmektedir. Kale, günümüzde müze olarak hizmet vermektedir.","Gaziantep Castle is a historical castle located in the city center of Gaziantep. It is not known exactly when and by whom the castle was built. However, it is thought that the castle was used as a watchtower during the Roman period and later expanded during the Byzantine Empire. The castle serves as a museum today.",08:30–17:30,TRUE,,,FALSE,Kültür Varlığı,"Wikipedia, Unesco, Muze.gov.tr","https://tr.wikipedia.org/wiki/Gaziantep_Kalesi, https://muze.gov.tr/muze-detay?SectionId=GAZ01&DistId=GAZ",2023-10-26,37.064167,37.383333
TR-00033,Germenicia Mozaikleri,Germenicia Mosaics,Arkeolojik Sit Alanı,Mozaik,Kahramanmaraş,Dulkadiroğlu,,"Dulkadiroğlu, Kahramanmaraş, Türkiye",TR-EAST,"Germenicia Antik Kenti, Kahramanmaraş şehir merkezinde bulunan ve Geç Roma dönemine ait mozaikleriyle ünlü bir arkeolojik sit alanıdır.","The Ancient City of Germenicia is an archaeological site located in the city center of Kahramanmaraş, famous for its mosaics from the Late Roman period.",,FALSE,,,FALSE,Arkeolojik Sit Alanı,"Wikipedia, Muze.gov.tr",https://tr.wikipedia.org/wiki/Germenicia_Antik_Kenti,2023-10-26,37.5833,36.9833
TR-00034,Göbeklitepe,Göbeklitepe,Arkeolojik Sit Alanı,Tapınak,Şanlıurfa,Haliliye,Örencik,"Örencik Köyü, Haliliye, Şanlıurfa",TR-EAST,"Göbeklitepe, Şanlıurfa il merkezinin yaklaşık 18 km kuzeydoğusunda yer alan, Neolitik döneme ait arkeolojik bir sit alanıdır. 1996 yılında keşfedilen bu alan, insanlık tarihinin bilinen en eski tapınak kalıntılarını barındırmaktadır.","Göbeklitepe is a Neolithic archaeological site located approximately 18 km northeast of the city of Şanlıurfa. Discovered in 1996, this area houses the oldest known temple remains in human history.",08:00-17:00,TRUE,,,TRUE,UNESCO Dünya Mirası,"Wikipedia, Unesco, Muze.gov.tr","https://tr.wikipedia.org/wiki/G%C3%B6beklitepe, https://whc.unesco.org/en/list/1572/, https://muze.gov.tr/muze-detay?SectionId=GOP01&PlaceId=36897",2023-10-26,38.921389,38.922222
TR-00035,Habib-i Neccar Camii,Habib-i Neccar Mosque,Dini Yapı,Cami,Hatay,Antakya,Kurtuluş,"Kurtuluş Caddesi, Antakya, Hatay",TR-EAST,"Habib-i Neccar Camii, Türkiye'nin Hatay ilinin Antakya ilçesinde bulunan tarihi bir camidir. Hristiyanlık döneminde inşa edilmiş bir kilisenin üzerine inşa edilmiştir. İslam dünyasında inşa edilen ilk camilerden biri olarak kabul edilir.","The Habib-i Neccar Mosque is a historic mosque located in Antakya, Hatay, Turkey. It is considered to be one of the oldest mosques in Anatolia, named after Habib-i Neccar, a disciple of Jesus who was martyred in Antakya.",Açık,FALSE,,,FALSE,,"Wikipedia, Unesco, Muze.gov.tr",https://tr.wikipedia.org/wiki/Habib-i_Neccar_Camii,,36.205278,36.195
TR-00036,Hacılar Höyüğü,Hacilar Hoyuk,Arkeolojik Sit Alanı,Yerleşim Yeri,Burdur,Merkez,,,TR-EAST,"Hacılar Höyüğü, Burdur'un 25 km güneybatısında yer alan Neolitik ve Kalkolitik döneme ait bir arkeolojik sit alanıdır. 1957-1960 yılları arasında James Mellaart tarafından kazılmıştır. Yerleşim, MÖ 7000'den MÖ 5000'e kadar uzanmaktadır ve dokuz evreden oluşmaktadır.","Hacılar Höyüğü is an archaeological site near the city of Burdur, Turkey. It was occupied from the Early Neolithic period (c. 7000 BC) through the Chalcolithic period (c. 5000 BC). The site is best known for its well-preserved remains of mudbrick houses and its pottery.",,FALSE,,,FALSE,Tescilli Arkeolojik Sit Alanı,"Wikipedia, Muze.gov.tr",https://tr.wikipedia.org/wiki/Hac%C4%B1lar_H%C3%B6y%C3%BC%C4%9F%C3%BC,2023-10-20,30.255,37.668
TR-00037,Hakkari Taş Evleri,Hakkari Stone Houses,Mimari,Konut,Hakkari,Merkez,,,TR-EAST,"Hakkari Taş Evleri, Hakkari şehir merkezinde bulunan geleneksel mimariye sahip taş evlerdir. Evlerin yapımında yöreye özgü taşlar kullanılmıştır.","Hakkari Stone Houses are traditional stone houses with local architecture, located in the city center of Hakkari. The houses were built using stones unique to the region.",,FALSE,,,FALSE,,"Wikipedia, Muze.gov.tr",,2023-10-26,43.755556,37.576389
TR-00038,Harput Kalesi,Harput Castle,Tarihi Eser,Kale,Elazığ,Merkez,Harput,"Harput Mahallesi, Elazığ Merkez",TR-EAST,"Harput Kalesi, Elazığ'ın Harput Mahallesi'nde bulunan tarihi bir kaledir. Urartular tarafından M.Ö. 9. yüzyılda inşa edildiği tahmin edilmektedir. Farklı medeniyetlere ev sahipliği yapmıştır.",Harput Castle is a historical castle located in the Harput district of Elazığ. It is estimated to have been built by the Urartians in the 9th century BC. It has hosted different civilizations.,,FALSE,,,FALSE,Koruma Altında,"Wikipedia, Muze.gov.tr",https://tr.wikipedia.org/wiki/Harput_Kalesi,2023-10-26,39.224722,38.571944
TR-00039,Harput Ulu Camii,Harput Grand Mosque,Dini Yapı,Cami,Elazığ,Merkez,Harput,"Harput Mahallesi, Elazığ Merkez",TR-EAST,"Harput Ulu Camii, Elazığ'ın Harput ilçesinde bulunan tarihi bir camidir. 1156-1157 yıllarında Artuklu hükümdarı Fahrettin Karaaslan tarafından yaptırılmıştır. Cami, özellikle eğri minaresiyle dikkat çekmektedir.",Harput Grand Mosque is a historical mosque located in the Harput district of Elazığ. It was built by the Artuqid ruler Fahrettin Karaaslan in 1156-1157. The mosque is particularly noteworthy for its leaning minaret.,,FALSE,,,FALSE,Tescilli Kültür Varlığı,"Wikipedia, Muze.gov.tr",https://tr.wikipedia.org/wiki/Harput_Ulu_Cami,2023-10-26,39.234444,38.570278
TR-00040,Harran Evleri,Harran Houses,Mimari,Geleneksel Ev,Şanlıurfa,Harran,,"Harran, Şanlıurfa, Türkiye",TR-EAST,"Harran Evleri, Şanlıurfa'nın Harran ilçesinde bulunan, konik kubbeli yapısıyla dikkat çeken geleneksel evlerdir. Bölgenin sıcak iklimine uygun olarak inşa edilmişlerdir.","Harran Houses are traditional houses located in the Harran district of Şanlıurfa, notable for their conical dome structure. They are built to suit the hot climate of the region.",,FALSE,,,TRUE,Sit Alanı,"Wikipedia, Unesco, Muze.gov.tr",https://whc.unesco.org/en/tentativelists/2047/,2023-10-20,39.0333,36.8667
TR-00041,Hasan Paşa Hanı,Hasan Pasha Han,Han,Kervansaray,Kars,Merkez,Ortakapı,"Ortakapı Mahallesi, Hanlar Sokak No:12, Kars",TR-EAST,"Hasan Paşa Hanı, Kars şehir merkezinde yer alan tarihi bir yapıdır. 19. yüzyılın sonlarında inşa edildiği tahmin edilmektedir. Han, kesme taştan yapılmış olup, dikdörtgen bir plana sahiptir. İç avlusu ve çevresinde odalar bulunmaktadır. Günümüzde otel ve restoran olarak hizmet vermektedir.","Hasan Pasha Han is a historical building located in the city center of Kars. It is estimated to have been built in the late 19th century. The han is made of cut stone and has a rectangular plan. It has an inner courtyard and rooms around it. Today, it serves as a hotel and restaurant.",Açık,FALSE,,,FALSE,,Wikipedia,https://tr.wikipedia.org/wiki/Hasan_Pa%C5%9Fa_Han%C4%B1,2023-10-26,40.244444,43.050278
TR-00042,Hasankeyf,Hasankeyf,Tarihi Kent,Antik Kent,Batman,Hasankeyf,,"Hasankeyf, Batman, Türkiye",TR-EAST,"Hasankeyf, Batman iline bağlı tarihi bir ilçedir. Dicle Nehri kıyısında yer almaktadır ve binlerce yıllık bir geçmişe sahiptir. Birçok medeniyete ev sahipliği yapmıştır.",Hasankeyf is a historical town located in the Batman Province of Turkey. It is situated on the banks of the Tigris River and has a history spanning thousands of years. It has been home to many civilizations.,,FALSE,,,FALSE,Sit Alanı,"Wikipedia, Unesco, Muze.gov.tr",https://tr.wikipedia.org/wiki/Hasankeyf,2023-10-26,41.416667,37.716667
TR-00043,Hevsel Bahçeleri,Hevsel Gardens,Doğal Alan,Bahçe,Diyarbakır,Sur,,"Dicle Nehri Kenarı, Sur, Diyarbakır",TR-EAST,"Hevsel Bahçeleri, Diyarbakır Surları ile birlikte UNESCO Dünya Mirası Listesi'nde yer almaktadır. Dicle Nehri kıyısında bulunan bu verimli bahçeler, şehrin su ihtiyacını karşılamış ve tarımsal üretimde önemli bir rol oynamıştır. Tarihi boyunca birçok medeniyete ev sahipliği yapmış ve günümüzde de tarımsal faaliyetlerin devam ettiği önemli bir alandır.","The Hevsel Gardens are part of the UNESCO World Heritage Site along with the Diyarbakır Fortress. Located on the banks of the Tigris River, these fertile gardens have met the city's water needs and played an important role in agricultural production. It has hosted many civilizations throughout its history and is still an important area where agricultural activities continue.",,FALSE,,,TRUE,UNESCO Dünya Mirası,"Wikipedia, Unesco, Muze.gov.tr",https://whc.unesco.org/en/list/1488/,2023-10-26,37.9,40.2333
TR-00044,İshak Paşa Sarayı,İshak Pasha Palace,Tarihi Yapı,Saray,Ağrı,Doğubayazıt,Yukarıtahir,"Yukarıtahir, 04400 Doğubayazıt/Ağrı",TR-EAST,"İshak Paşa Sarayı, Ağrı'nın Doğubayazıt ilçesinde yer alan, Osmanlı İmparatorluğu döneminde inşa edilmiş tarihi bir saraydır. 1685'te Çolak Abdi Paşa tarafından yapımına başlanmış, 1784'te İshak Paşa tarafından tamamlanmıştır. Saray, Osmanlı, Selçuklu ve Fars mimari üsluplarının harmanlandığı etkileyici bir yapıdır. UNESCO Dünya Mirası Geçici Listesi'nde yer almaktadır.","İshak Pasha Palace is a historical palace located in Doğubayazıt district of Ağrı. Its construction was started by Çolak Abdi Pasha in 1685 and completed by İshak Pasha in 1784. The palace is an impressive structure blending Ottoman, Seljuk, and Persian architectural styles. It is on the UNESCO World Heritage Tentative List.",08:00–17:00,TRUE,,,TRUE,Kültür Varlığı,"Wikipedia, Unesco, Muze.gov.tr","https://tr.wikipedia.org/wiki/%C4%B0shak_Pa%C5%9Fa_Saray%C4%B1, https://whc.unesco.org/en/tentativelists/2019/, https://muze.gov.tr/",2023-10-26,43.145833,39.541667
TR-00045,İsmail Fakirullah Türbesi,Ismail Fakirullah Tomb,Dini Yapı,Türbe,Siirt,Tillo,,,TR-EAST,"İsmail Fakirullah Türbesi, Siirt'in Tillo ilçesinde bulunan tarihi bir yapıdır. Türbe, İslam alimi İsmail Fakirullah'a aittir ve her yıl birçok ziyaretçi tarafından ziyaret edilmektedir. Türbe özellikle kış gündönümünde yaşanan ışık hadisesi ile bilinir.",The Tomb of Ismail Fakirullah is a historical structure located in the Tillo district of Siirt. The tomb belongs to the Islamic scholar Ismail Fakirullah and is visited by many visitors every year. The tomb is especially known for the light phenomenon that occurs during the winter solstice.,,FALSE,,,FALSE,,"Wikipedia, Muze.gov.tr",https://tr.wikipedia.org/wiki/%C4%B0smail_Fakirullah_T%C3%BCrbesi,2023-10-27,42.044444,37.843611
TR-00046,Kahramanmaraş Kalesi,Kahramanmaras Castle,Tarihi Yapı,Kale,Kahramanmaraş,Merkez,,,TR-EAST,"Kahramanmaraş Kalesi, Kahramanmaraş şehir merkezinde yer alan tarihi bir kaledir. Şehrin sembol yapılarından biridir ve tarih boyunca birçok medeniyete ev sahipliği yapmıştır.",Kahramanmaras Castle is a historical castle located in the city center of Kahramanmaras. It is one of the symbolic structures of the city and has hosted many civilizations throughout history.,,FALSE,,,FALSE,,"Wikipedia, Muze.gov.tr",https://tr.wikipedia.org/wiki/Kahramanmara%C5%9F_Kalesi,2023-10-26,36.935833,37.588889
TR-00047,Kaleiçi,Kaleiçi,Tarihi Kent Merkezi,Tarihi Alan,Antalya,Muratpaşa,Kaleiçi,"Kaleiçi, Muratpaşa, Antalya, Türkiye",TR-EAST,"Kaleiçi, Antalya'nın Muratpaşa ilçesinde bulunan tarihi kent merkezidir. Roma, Bizans, Selçuklu ve Osmanlı dönemlerinde yerleşim görmüş ve günümüze kadar korunmuştur. Dar sokakları, tarihi evleri, limanı ve surları ile ünlüdür.","Kaleiçi is the historical city center of Antalya, located in the Muratpaşa district. It has been inhabited during the Roman, Byzantine, Seljuk and Ottoman periods and has been preserved to the present day. It is famous for its narrow streets, historical houses, harbor and walls.",00:00-24:00,FALSE,,,TRUE,Sit Alanı,"Wikipedia, Unesco, Muze.gov.tr",https://tr.wikipedia.org/wiki/Kalei%C3%A7i,2023-10-26,30.7058,36.8847
TR-00048,Kanlıdivane Ören Yeri (Olba),Kanlıdivane (Olba),Tarihi Yer,Antik Kent,Mersin,Erdemli,Ayaş,"Kanlıdivane, Erdemli/Mersin",TR-EAST,"Kanlıdivane, Mersin ilinin Erdemli ilçesinde yer alan antik bir kenttir. Olba Krallığı'nın önemli merkezlerinden biriydi. İçerisinde barındırdığı tarihi yapılar ve doğal güzellikleriyle dikkat çekmektedir.",Kanlıdivane is an ancient city located in the Erdemli district of Mersin province. It was one of the important centers of the Olba Kingdom. It attracts attention with its historical structures and natural beauties.,08:00-19:00,TRUE,,,FALSE,Arkeolojik Sit Alanı,"Wikipedia, Unesco, Muze.gov.tr",https://muze.gov.tr/mekan/mersin-kanlidivane-oren-yeri,2023-10-20,34.204444,36.583889
TR-00049,Karakoyunlu Kümbetleri,Karakoyunlu Tombs,Tarihi Eser,Kümbet,Iğdır,Karakoyunlu,,"Karakoyunlu, Iğdır, Türkiye",TR-EAST,"Karakoyunlu Kümbetleri, Iğdır ilinin Karakoyunlu ilçesinde bulunan tarihi kümbetlerdir. Kümbetlerin Karakoyunlular döneminde yapıldığı tahmin edilmektedir. Yapım tarihi kesin olarak bilinmemektedir. Mimari özellikleri ve süslemeleriyle dikkat çeken kümbetler, bölgenin önemli tarihi eserlerindendir.","The Karakoyunlu Tombs are historical tombs located in the Karakoyunlu district of Iğdır province, Turkey. The tombs are estimated to have been built during the Karakoyunlu period. The exact date of construction is unknown. The tombs, which attract attention with their architectural features and decorations, are among the important historical artifacts of the region.",,FALSE,,,FALSE,,"Wikipedia, Muze.gov.tr",,2023-10-26,43.076944,39.916944
TR-00050,Karatepe-Aslantaş Açık Hava Müzesi,Karatepe-Aslantaş Open Air Museum,Müze,Açık Hava Müzesi,Osmaniye,Kadirli,,"Karatepe-Aslantaş Milli Parkı, Kadirli, Osmaniye",TR-EAST,"Karatepe-Aslantaş Açık Hava Müzesi, Osmaniye ili Kadirli ilçesinde bulunan bir açık hava müzesidir. MÖ 8. yüzyılda Geç Hitit döneminde inşa edilmiştir ve önemli bir arkeolojik sit alanıdır.",Karatepe-Aslantaş Open Air Museum is an open-air museum located in Kadirli district of Osmaniye province. It was built in the 8th century BC during the Late Hittite period and is an important archaeological site.,08:00-17:00,TRUE,,,TRUE,Milli Park,"Wikipedia, Unesco, Muze.gov.tr",https://muze.gov.tr/muze-detay?SectionId=KAR01&DistId=KAR,2023-10-26,36.26667,37.33333
TR-00051,Kars Kalesi,Kars Castle,Kale,Askeri Yapı,Kars,Kars Merkez,Kale İçi,"Kale İçi Mahallesi, Kars Merkez",TR-EAST,"Kars Kalesi, Türkiye'nin Kars ilinde bulunan tarihi bir kaledir. Şehir merkezinde, Kars Çayı'nın batı kıyısında yer almaktadır. Kale, farklı dönemlerde çeşitli medeniyetler tarafından kullanılmış ve yeniden inşa edilmiştir. Günümüzde turistik bir cazibe merkezidir.","Kars Castle is a historical castle located in Kars, Turkey. It is situated in the city center, on the west bank of the Kars River. The castle has been used and rebuilt by various civilizations in different periods. Today, it is a tourist attraction.",,FALSE,,,FALSE,Tescilli Kültür Varlığı,"Wikipedia, Muze.gov.tr","https://tr.wikipedia.org/wiki/Kars_Kalesi, https://muze.gov.tr/",,43.091667,40.614167
TR-00052,Kasımiye Medresesi,Kasimiye Madrasa,Mimari,Medrese,Mardin,Artuklu,Medrese,"Medrese Mahallesi, 47100 Artuklu/Mardin",TR-EAST,"Kasımiye Medresesi, Mardin'de yer alan tarihi bir medrese olup, Akkoyunlu Sultan Kasım bin Cihangir tarafından 15. yüzyılın sonlarında yaptırılmıştır. İslam mimarisinin önemli örneklerinden biridir.","Kasimiye Madrasa is a historical madrasa located in Mardin, built by the Akkoyunlu Sultan Kasım bin Cihangir in the late 15th century. It is an important example of Islamic architecture.",08:00–17:00,FALSE,,,FALSE,Kültür Varlığı,"Wikipedia, Muze.gov.tr","https://tr.wikipedia.org/wiki/Kasımiye_Medresesi, https://muze.gov.tr/",2023-10-20,40.734722,37.313889
TR-00053,Kasrik Boğazı,Kasrik Gorge,Doğal Alan,Kanyon/Boğaz,Şırnak,Merkez,Kasrik,"Kasrik, Şırnak Merkez/Şırnak, Türkiye",TR-EAST,"Kasrik Boğazı, Şırnak il merkezine yakın bir konumda bulunan doğal bir geçittir. Bölgenin coğrafi yapısında önemli bir yere sahiptir.",Kasrik Gorge is a natural passage located near the city center of Şırnak. It has an important place in the geographical structure of the region.,,FALSE,,,FALSE,,Wikipedia,https://tr.wikipedia.org/wiki/Kasrik,2023-10-26,41.856111,37.526944
TR-00054,Kastabala Antik Kenti,Kastabala Ancient City,Antik Kent,Arkeolojik Alan,Osmaniye,Osmaniye Merkez,Kesmeburun,"Kesmeburun Köyü, Osmaniye Merkez, Osmaniye",TR-EAST,"Kastabala, Osmaniye il merkezine yaklaşık 12 km uzaklıkta, Kesmeburun Köyü sınırları içinde yer alan antik bir kenttir. Kentin tarihi MÖ 6. yüzyıla kadar uzanmaktadır. Hierapolis adıyla da bilinen kent, Roma ve Bizans dönemlerinde önemli bir merkez olmuştur. Günümüzde antik kentte tiyatro, kale, su kemerleri ve kilise kalıntıları görülebilir.","Kastabala is an ancient city located approximately 12 km from the city center of Osmaniye, within the borders of Kesmeburun Village. The history of the city dates back to the 6th century BC. Also known as Hierapolis, the city was an important center during the Roman and Byzantine periods. Today, the ruins of a theater, castle, aqueducts and a church can be seen in the ancient city.",,FALSE,,,FALSE,,"Wikipedia, Muze.gov.tr",https://muze.gov.tr/muze-detay?SectionId=KLM01&DistId=OSM,2023-10-26,36.288889,36.283333
TR-00055,Kemah Kalesi,Kemah Castle,Kale,Askeri Yapı,Erzincan,Kemah,,"Kemah, Erzincan, Türkiye",TR-EAST,"Kemah Kalesi, Erzincan'ın Kemah ilçesinde bulunan tarihi bir kaledir. Urartular tarafından inşa edildiği tahmin edilmektedir. Kale, stratejik önemi nedeniyle tarih boyunca birçok medeniyet tarafından kullanılmıştır. İçerisinde cami, hamam ve çeşitli yapı kalıntıları bulunmaktadır.","Kemah Castle is a historical castle located in the Kemah district of Erzincan. It is estimated to have been built by the Urartians. The castle has been used by many civilizations throughout history due to its strategic importance. Inside, there are ruins of a mosque, a bath, and various structures.",,FALSE,,,FALSE,Tescilli Kültür Varlığı,"Wikipedia, Muze.gov.tr","https://tr.wikipedia.org/wiki/Kemah_Kalesi, https://muze.gov.tr/",2023-10-26,39.566667,39.3
TR-00056,Kibyra Antik Kenti,Kibyra Ancient City,Antik Kent,Arkeolojik Alan,Burdur,Gölhisar,,,TR-EAST,"Kibyra, Gölhisar Ovası'na hakim konumda bulunan antik bir kenttir. Kent, MÖ 3. yüzyılda kurulmuş ve MS 8. yüzyıla kadar yerleşim görmüştür. Kibyra, Roma döneminde önemli bir merkez olmuş ve gladyatör okuluyla ün kazanmıştır. Kentte stadyum, tiyatro, agora, hamam, anıtsal çeşme ve kaya mezarları gibi yapılar bulunmaktadır. Özellikle Medusa mozaiği ile tanınır.","Kibyra is an ancient city located overlooking the Gölhisar Plain. The city was founded in the 3rd century BC and was inhabited until the 8th century AD. Kibyra became an important center during the Roman period and gained fame with its gladiator school. The city has structures such as a stadium, theater, agora, bath, monumental fountain and rock tombs. It is especially known for its Medusa mosaic.",08:30-19:30,TRUE,,,FALSE,Arkeolojik Sit Alanı,"Wikipedia, Unesco, Muze.gov.tr",https://muze.gov.tr/muze-detay?SectionId=KBY01&DistId=KBY,,29.9875,37.159722
TR-00057,Kiğı Kalesi,Kiğı Castle,Kale,Askeri Yapı,Bingöl,Kiğı,,"Kiğı, Bingöl, Türkiye",TR-EAST,"Kiğı Kalesi, Bingöl'ün Kiğı ilçesinde bulunan tarihi bir kaledir. Urartular tarafından inşa edildiği tahmin edilmektedir. Kale, sarp bir kaya üzerine kurulmuştur ve etrafı derin vadilerle çevrilidir. Kale içerisinde su sarnıçları, depolar ve yaşam alanları bulunmaktadır. Kale, tarih boyunca birçok medeniyet tarafından kullanılmıştır.","Kiğı Castle is a historical castle located in the Kiğı district of Bingöl. It is estimated to have been built by the Urartians. The castle is built on a steep rock and is surrounded by deep valleys. Inside the castle, there are water cisterns, warehouses and living areas. The castle has been used by many civilizations throughout history.",,FALSE,,,FALSE,,"Wikipedia, Muze.gov.tr",https://tr.wikipedia.org/wiki/Ki%C4%9F%C4%B1_Kalesi,2023-10-20,39.401667,39.168889
TR-00058,Kızkalesi,Kizkalesi Castle,Kale,Deniz Kalesi,Mersin,Erdemli,Kızkalesi,"Kızkalesi Mahallesi, Erdemli/Mersin",TR-EAST,"Kızkalesi, Mersin ilinin Erdemli ilçesinde bulunan bir kaledir. Antik çağlarda Korykos olarak bilinen bölgede yer alır ve denize yaklaşık 200 metre uzaklıktadır. Kalenin tarihi, farklı medeniyetlere ev sahipliği yapmıştır ve günümüzde önemli bir turistik merkezdir.","Kizkalesi (Maiden's Castle) is a castle situated on a small island facing the town of Kızkalesi (historical Corycus) in Mersin Province, Turkey. The castle has a history dating back to ancient times and is a popular tourist attraction.",08:30-17:30,TRUE,,,FALSE,,"Wikipedia, Muze.gov.tr",https://tr.wikipedia.org/wiki/K%C4%B1zkalesi,2023-10-26,34.169722,36.472222
TR-00059,Malabadi Köprüsü,Malabadi Bridge,Köprü,Taş Köprü,Diyarbakır,Silvan,Malabadi,"Malabadi Köyü, Silvan, Diyarbakır",TR-EAST,"Malabadi Köprüsü, Diyarbakır'ın Silvan ilçesi yakınlarında bulunan, Artuklu döneminde inşa edilmiş tarihi bir taş köprüdür.","Malabadi Bridge is a historic arch bridge located near Silvan, Diyarbakır, in southeastern Turkey. It was built during the Artuqid period.",,FALSE,,,FALSE,,"Wikipedia, Unesco, Muze.gov.tr",https://tr.wikipedia.org/wiki/Malabadi_K%C3%B6pr%C3%BCs%C3%BC,2023-10-26,41.040833,38.476944
TR-00060,Mardin Eski Şehir,Old City of Mardin,Tarihi Şehir,Kentsel Sit Alanı,Mardin,Merkez,,,TR-EAST,"Mardin Eski Şehir, taş işçiliği, tarihi yapıları, coğrafi konumu ve kültürel zenginlikleri ile tanınır. Farklı dinlere ait yapıları bir arada barındırması ve Mezopotamya Ovası'na hakim konumu ile dikkat çeker.","The Old City of Mardin is known for its stonework, historical structures, geographical location, and cultural richness. It is notable for hosting structures belonging to different religions together and its dominant position over the Mesopotamian Plain.",,FALSE,,,TRUE,Sit Alanı,"Wikipedia, Unesco",https://whc.unesco.org/en/tentativelists/59/,2023-10-26,40.7358,37.3122
TR-00061,Mem u Zin Türbesi,Mem and Zin Mausoleum,Anıt Mezar,,Ağrı,Doğubayazıt,,,TR-EAST,"Mem u Zin Türbesi, Ağrı'nın Doğubayazıt ilçesinde bulunan tarihi bir yapıdır. Kürt edebiyatının önemli eserlerinden biri olan Mem u Zin aşk hikayesinin kahramanları Mem ve Zin'in mezarlarının bulunduğu yer olarak bilinir.","The Mausoleum of Mem and Zin is a historical structure located in Doğubayazıt district of Ağrı. It is known as the place where the graves of Mem and Zin, the heroes of the love story of Mem and Zin, one of the important works of Kurdish literature, are located.",,FALSE,,,FALSE,,"Wikipedia, Unesco, Muze.gov.tr",,2023-10-26,41.484722,43.358611
TR-00062,Meydan Medresesi,Meydan Madrasa,Mimari,Medrese,Hakkari,Merkez,,,TR-EAST,"Meydan Medresesi, Hakkari il merkezinde bulunan tarihi bir medresedir. Yapım tarihi kesin olarak bilinmemekle birlikte, 13. yüzyılda yapıldığı tahmin edilmektedir. Medrese, uzun yıllar boyunca bölgenin önemli bir eğitim merkezi olmuştur.","Meydan Madrasa is a historical madrasa located in the city center of Hakkari. Although the exact date of construction is unknown, it is estimated to have been built in the 13th century. The madrasa has been an important educational center in the region for many years.",,FALSE,,,FALSE,,"Wikipedia, Muze.gov.tr","https://tr.wikipedia.org/wiki/Meydan_Medresesi_(Hakk%C3%A2ri), https://muze.gov.tr/",2023-11-19,43.759167,37.576944
TR-00063,Munzur Vadisi Milli Parkı,Munzur Valley National Park,Doğal Alan,Milli Park,Tunceli,Ovacık,,"Munzur Vadisi Milli Parkı, Ovacık, Tunceli, Türkiye",TR-EAST,"Munzur Vadisi Milli Parkı, Türkiye'nin Tunceli ilinde bulunan bir milli parktır. Zengin bitki örtüsü ve yaban hayatı çeşitliliği ile bilinir. Munzur Dağları'nın eteklerinde yer alır ve Munzur Çayı vadisini kapsar.","Munzur Valley National Park is a national park located in Tunceli, Turkey. It is known for its rich flora and diverse wildlife. It is located at the foot of the Munzur Mountains and encompasses the Munzur River valley.",,FALSE,,,FALSE,Milli Park,"Wikipedia, Muze.gov.tr",https://tr.wikipedia.org/wiki/Munzur_Vadisi_Milli_Park%C4%B1,2023-10-26,39.375,39.101
TR-00064,Murat Köprüsü,Murat Bridge,Köprü,Tarihi Köprü,Muş,Hasköy,,,TR-EAST,"Murat Köprüsü, Türkiye'nin Muş ilinin Hasköy ilçesinde bulunan tarihi bir köprüdür. Murat Nehri üzerinde yer alır. Köprünün ne zaman yapıldığına dair kesin bir bilgi bulunmamaktadır, ancak Osmanlı döneminde yapıldığı tahmin edilmektedir. Köprü, kesme taştan inşa edilmiştir ve yedi gözlüdür. Uzunluğu 150 metre, genişliği ise 5 metredir. Köprü, günümüzde hala kullanılmaktadır.","Murat Bridge is a historical bridge located in the Hasköy district of Muş, Turkey. It is located on the Murat River. There is no definite information about when the bridge was built, but it is estimated to have been built during the Ottoman period. The bridge is built of cut stone and has seven arches. It is 150 meters long and 5 meters wide. The bridge is still in use today.",,FALSE,,,FALSE,,Wikipedia,https://tr.wikipedia.org/wiki/Murat_K%C3%B6pr%C3%BCs%C3%BC,2023-10-26,42.254444,39.058611
TR-00065,Myra Antik Kenti,Myra Ancient City,Antik Kent,Arkeolojik Sit Alanı,Antalya,Demre,Alakazı,"Alakazı Mahallesi, Myra Ören Yeri, Demre/Antalya",TR-EAST,"Myra, Antalya'nın Demre ilçesinde bulunan antik bir Likya kentidir. Kayalara oyulmuş mezarları, Roma dönemi tiyatrosu ve Bizans kilisesi ile ünlüdür.","Myra was an ancient Lycian city in present-day Demre, Antalya Province of Turkey. It was located on the river Myros, in the Lycian heartland, where the fertile alluvial plain meets the rocky hills and Mediterranean Sea.",08:00-19:00,TRUE,,,TRUE,Sit Alanı,"Wikipedia, Unesco, Muze.gov.tr",https://muze.gov.tr/mekanlar/detay/myra-oren-yeri,2023-10-26,29.986944,36.248056
TR-00066,Nemrut Dağı,Mount Nemrut,Tarihi ve Turistik Yer,Antik Kent,Adıyaman,Kahta,,"Nemrut Dağı Milli Parkı, Kahta, Adıyaman, Türkiye",TR-EAST,"Nemrut Dağı, Türkiye'nin Adıyaman ilinin Kahta ilçesinde bulunan 2.206 metre yüksekliğindeki dağdır. 1987 yılında UNESCO tarafından Dünya Mirası olarak ilan edilmiştir. Dağın zirvesinde, Kommagene Kralı I. Antiochos Theos tarafından yaptırılan tümülüs ve çeşitli heykeller bulunmaktadır.","Mount Nemrut is a 2,206-metre-high (7,238 ft) mountain in southeastern Turkey, notable for the summit where several large statues are erected around what is assumed to be a royal tomb from the 1st century BC. It is one of the most important tourist attractions in Turkey.",Gün doğumu - Gün batımı (Yaz sezonu). Kış sezonunda hava koşullarına bağlı olarak kapalı olabilir.,TRUE,,,TRUE,UNESCO Dünya Mirası,"Wikipedia, Unesco, Muze.gov.tr","https://tr.wikipedia.org/wiki/Nemrut_Da%C4%9F%C4%B1, https://whc.unesco.org/en/list/448/, https://muze.gov.tr/",2023-10-26,38.7525,38.0397
TR-00067,Olympos Antik Kenti,Olympos Ancient City,Antik Kent,Arkeolojik Sit Alanı,Antalya,Kumluca,Yazır,"Yazır Mahallesi, Olympos Mevkii, Kumluca/Antalya",TR-EAST,"Olympos, Antalya'nın Kumluca ilçesinde yer alan antik bir Likya kentidir. Tarihi MÖ 3. yüzyıla kadar uzanmaktadır. Kent, özellikle Helenistik, Roma ve Bizans dönemlerinde önemli bir liman kenti olmuştur. Olympos, doğal güzellikleri, antik kalıntıları ve Caretta Caretta kaplumbağalarının üreme alanı olmasıyla ünlüdür.","Olympos is an ancient Lycian city located in the Kumluca district of Antalya. Its history dates back to the 3rd century BC. The city was an important port city, especially during the Hellenistic, Roman and Byzantine periods. Olympos is famous for its natural beauties, ancient ruins and being a breeding ground for Caretta Caretta turtles.","Yaz aylarında 08:00-19:00, Kış aylarında 08:00-17:00",TRUE,,,TRUE,Sit Alanı,"Wikipedia, Unesco, Muze.gov.tr","https://tr.wikipedia.org/wiki/Olimpos_(Likya), https://muze.gov.tr/muze-detay?SectionId=ANT01&DistId=ANT&PlaceId=11",2023-10-26,30.466667,36.383333
TR-00068,Oylum Höyük,Oylum Höyük,Arkeolojik Sit Alanı,Höyük,Kilis,Merkez,,,TR-EAST,"Oylum Höyük, Türkiye'nin Kilis il merkezinin 10 km güneydoğusunda yer alan bir höyüktür. Tunç Çağı'nda önemli bir yerleşim yeriydi ve antik dönemde Kilikya bölgesinin bir parçasıydı. Kazılar, höyüğün MÖ 3000'den MS 11. yüzyıla kadar sürekli olarak yerleşim gördüğünü ortaya koymuştur.","Oylum Höyük is a tell located 10 km southeast of the city center of Kilis, Turkey. It was an important settlement in the Bronze Age and was part of the Cilicia region in ancient times. Excavations have revealed that the mound was continuously inhabited from 3000 BC to the 11th century AD.",,FALSE,,,FALSE,Arkeolojik Sit Alanı,"Wikipedia, Muze.gov.tr","https://tr.wikipedia.org/wiki/Oylum_H%C3%B6y%C3%BCk, https://muze.gov.tr/",2023-10-26,36.951944,37.165278
TR-00069,Perge Antik Kenti,Perge Ancient City,Tarihi Yer,Arkeolojik Sit Alanı,Antalya,Aksu,,"Aksu, Antalya, Türkiye",TR-EAST,"Perge, Antalya ilinin Aksu ilçesinde bulunan antik bir Pamphylia kentidir. Kent, özellikle Roma döneminde en parlak zamanlarını yaşamıştır ve birçok önemli yapıya ev sahipliği yapmıştır. Perge'nin tarihi, MÖ 3000'li yıllara kadar uzanmaktadır.","Perge was an ancient Pamphylian city, now located in Aksu, Antalya, Turkey. The city reached its peak during the Roman period and was home to many important structures. The history of Perge dates back to 3000 BC.",08:30-19:30,TRUE,,,FALSE,,"Wikipedia, Muze.gov.tr",https://tr.wikipedia.org/wiki/Perge,,30.816667,36.983333
TR-00070,Phaselis Antik Kenti,Phaselis Ancient City,Arkeolojik Sit Alanı,Antik Kent,Antalya,Kemer,Tekirova,"Tekirova Mahallesi, Kemer/Antalya",TR-EAST,"Phaselis, Antalya'nın Kemer ilçesinde yer alan antik bir liman kentidir. MÖ 7. yüzyılda Rodoslu kolonistler tarafından kurulmuştur. Tarihi boyunca önemli bir ticaret merkezi olmuştur.",Phaselis was an ancient Greek and Roman city on the coast of Lycia. Its ruins are located north of the modern town of Tekirova in the Kemer district of Antalya Province in Turkey. It was founded by the Rhodians in 7th century BC.,08:00-19:00,TRUE,,,FALSE,Sit Alanı,"Wikipedia, Muze.gov.tr","https://en.wikipedia.org/wiki/Phaselis, https://muze.gov.tr/muze-detay?SectionId=ANT01&DistId=ANT",2023-10-26,30.553611,36.538889
TR-00071,Pisidia Antiokheia Antik Kenti,Pisidia Antiokheia Ancient City,Antik Kent,Arkeolojik Alan,Isparta,Yalvaç,Yukarıkaşıkara,"Yukarıkaşıkara, 32400 Yalvaç/Isparta, Türkiye",TR-EAST,"Pisidia Antiokheia, Yalvaç ovasına hakim bir tepe üzerinde kurulmuştur. Şehir, Helenistik, Roma ve Bizans dönemlerinde önemli bir merkez olmuştur. Özellikle Hristiyanlık tarihindeki önemi büyüktür. Aziz Paul'un ilk misyonerlik gezisinde ziyaret ettiği ve önemli bir cemaat kurduğu yerdir.","Pisidia Antiokheia was founded on a hill overlooking the Yalvaç plain. The city was an important center in the Hellenistic, Roman and Byzantine periods. It is especially important in the history of Christianity. It is the place visited by Saint Paul on his first missionary journey and where he established an important congregation.","08:30-19:30, Kış Dönemi: 08:30-17:30",TRUE,,,FALSE,Arkeolojik Sit Alanı,"Wikipedia, Unesco, Muze.gov.tr",https://muze.gov.tr/muze-detay?SectionId=ANT&DistId=ANT06,2023-11-15,30.820556,38.283611
TR-00072,Ravanda Kalesi,Ravanda Castle,Tarihi Kale,Askeri Yapı,Şanlıurfa,Haliliye,Ravanda,"Ravanda Köyü, Haliliye, Şanlıurfa, Türkiye",TR-EAST,"Ravanda Kalesi, Şanlıurfa'nın Haliliye ilçesinde bulunan tarihi bir kaledir. Kale, Bizans döneminde inşa edilmiş ve daha sonra Eyyubiler ve Osmanlılar tarafından kullanılmıştır. Günümüzde kalenin büyük bir kısmı yıkılmış durumdadır.","Ravanda Castle is a historical castle located in the Haliliye district of Şanlıurfa. The castle was built during the Byzantine period and later used by the Ayyubids and Ottomans. Today, a large part of the castle is in ruins.",,FALSE,,,FALSE,,"Wikipedia, Muze.gov.tr",https://tr.wikipedia.org/wiki/Ravanda_Kalesi,2023-10-26,43.359722,37.755
TR-00073,Sagalassos Antik Kenti,Sagalassos Ancient City,Antik Kent,Arkeolojik Alan,Burdur,Ağlasun,,"Ağlasun, Burdur, Türkiye",TR-EAST,"Sagalassos, Burdur'un Ağlasun ilçesinde bulunan, antik dönemde Pisidia bölgesinin önemli bir kentiydi. Kent, özellikle Roma İmparatorluğu döneminde büyük bir gelişme göstermiştir. Günümüzde antik kentte tiyatro, hamam, agora, tapınaklar ve anıtsal yapılar bulunmaktadır. Sagalassos, arkeolojik önemi ve iyi korunmuş yapılarıyla dikkat çekmektedir.","Sagalassos was an important city of the Pisidia region in ancient times, located in the Ağlasun district of Burdur. The city showed great development, especially during the Roman Empire. Today, the ancient city has a theater, bath, agora, temples and monumental structures. Sagalassos attracts attention with its archaeological importance and well-preserved structures.",08:30-19:30,TRUE,,,FALSE,Arkeolojik Sit Alanı,"Wikipedia, Unesco, Muze.gov.tr",https://muze.gov.tr/muze-detay?SectionId=SAG01&DistId=SAG,2023-10-26,30.5325,37.680833
TR-00074,Seleucia Pieria Antik Kenti,Seleucia Pieria Ancient City,Antik Kent,Arkeolojik Alan,Hatay,Samandağ,,,TR-EAST,"Seleucia Pieria, Hatay'ın Samandağ ilçesi yakınlarında bulunan antik bir liman kentidir. Büyük İskender'in generallerinden I. Seleucus Nicator tarafından MÖ 300'de kurulmuştur. Kent, özellikle Roma döneminde önemli bir ticaret merkezi olmuştur. Günümüzde antik kentin kalıntıları ziyaret edilebilir.","Seleucia Pieria was an ancient port city founded by Seleucus I Nicator around 300 BC, near present-day Samandağ, Hatay. It was a significant trade center, especially during the Roman period. Today, the ruins of the ancient city can be visited.",,FALSE,,,FALSE,,"Wikipedia, Muze.gov.tr","https://tr.wikipedia.org/wiki/Seleucia_Pieria, https://muze.gov.tr/",2023-10-26,36.108333,35.933333
TR-00075,Şeytan Kalesi,Seytan Castle,Kale,Orta Çağ Kalesi,Artvin,Şavşat,Damlacık Köyü,"Damlacık Köyü, Şavşat, Artvin",TR-EAST,"Şeytan Kalesi, Artvin'in Şavşat ilçesinde yer alan tarihi bir kaledir. Orta Çağ'da inşa edildiği tahmin edilmektedir. Kale, etkileyici manzarası ve gizemli atmosferiyle ziyaretçilerini cezbetmektedir.",Seytan Castle is a historical castle located in the Şavşat district of Artvin. It is estimated to have been built in the Middle Ages. The castle attracts visitors with its impressive view and mysterious atmosphere.,,FALSE,,,FALSE,Tescilli Kültür Varlığı,"Wikipedia, Muze.gov.tr",https://tr.wikipedia.org/wiki/%C5%9Eeytan_Kalesi_(Artvin),2023-10-26,41.201111,41.083611
TR-00076,Side Antik Kenti,Ancient City of Side,Antik Kent,Arkeolojik Sit Alanı,Antalya,Manavgat,Side,"Side, 07330 Manavgat/Antalya",TR-EAST,"Side Antik Kenti, Türkiye'nin Antalya ilinin Manavgat ilçesinde yer alan antik bir şehirdir. Pamfilya bölgesinin önemli liman kentlerinden biriydi. Günümüzde önemli bir turistik merkezdir.","The Ancient City of Side is an ancient city located in the Manavgat district of Antalya, Turkey. It was one of the important port cities of the Pamphylia region. Today, it is an important tourist center.",08:00-19:00,TRUE,,,FALSE,Sit Alanı,"Wikipedia, Muze.gov.tr",https://tr.wikipedia.org/wiki/Side_(antik_kent),2023-10-26,31.386944,36.770556
TR-00077,Siirt Ulu Camii,Siirt Grand Mosque,Dini Yapı,Cami,Siirt,Merkez,,,TR-EAST,"Siirt Ulu Camii, Siirt'te bulunan tarihi bir camidir. Kitabesine göre 1129 yılında yapılmıştır. Minaresi 1965 yılında onarılmıştır.","Siirt Grand Mosque is a historical mosque located in Siirt. According to its inscription, it was built in 1129. The minaret was restored in 1965.",,FALSE,,,FALSE,,Wikipedia,https://tr.wikipedia.org/wiki/Siirt_Ulu_Camii,2023-11-19,41.954444,37.926944
TR-00078,Soli Pompeiopolis Antik Kenti,Soli Pompeiopolis Ancient City,Arkeolojik Sit Alanı,Antik Kent,Mersin,Mezitli,Mersin Üniversitesi Kampüsü,"Mersin Üniversitesi, Çiftlikköy Kampüsü, 33343 Yenişehir/Mersin",TR-EAST,"Soli Pompeiopolis, Mersin'in Mezitli ilçesinde yer alan antik bir liman kentidir. Kent, özellikle sütunlu caddesi ve antik limanı ile tanınır. Tarihi MÖ 700'lere kadar uzanmaktadır.",Soli Pompeiopolis is an ancient port city located in the Mezitli district of Mersin. The city is particularly known for its colonnaded street and ancient harbor. Its history dates back to 700 BC.,08:30-19:30,TRUE,,,FALSE,Koruma Altında,"Wikipedia, Muze.gov.tr","https://tr.wikipedia.org/wiki/Soli_Pompeiopolis, https://muze.gov.tr/muze-detay?SectionId=SOL01&DistId=SOL",2023-10-26,34.616667,36.8
TR-00079,St. Paul Kuyusu,St. Paul's Well,Tarihi Mekan,Kuyu,Mersin,Tarsus,,,TR-EAST,"St. Paul Kuyusu, Hristiyan inanışına göre St. Paul'un doğduğu ev olarak kabul edilen yerin yakınında bulunan ve onun tarafından kullanıldığına inanılan kuyudur.","St. Paul's Well is a well located near the traditional birthplace of St. Paul in Tarsus, Turkey, and believed to have been used by him.",,FALSE,,,TRUE,UNESCO Dünya Mirası Geçici Listesi,"Wikipedia, Unesco, Muze.gov.tr",https://whc.unesco.org/en/tentativelists/324/,2023-10-27,34.8797,36.9236
TR-00080,St. Pierre Kilisesi,St. Peter's Church,Dini Yapı,Kilise,Hatay,Antakya,,"Habib-i Neccar Dağı eteği, Antakya, Hatay",TR-EAST,"St. Pierre Kilisesi, Hristiyanlık tarihinde önemli bir yere sahip olan ve Antakya'da bulunan bir mağara kilisedir. Katolik Kilisesi tarafından hac yeri olarak kabul edilir.","St. Peter's Church is a cave church in Antakya, significant in Christian history and recognized as a place of pilgrimage by the Catholic Church.",08:00-19:00,TRUE,,,TRUE,Kültür Varlığı,"Wikipedia, Unesco, Muze.gov.tr",https://muze.gov.tr/muze-detay?SectionId=HAT01&DistId=HAT,2023-10-20,36.1925,36.1547
TR-00081,Şuayb Antik Kenti,City of Şuayb,Antik Kent,Arkeolojik Sit Alanı,Şanlıurfa,Harran,,"Harran Ovası, Şanlıurfa",TR-EAST,"Şuayb Antik Kenti, Şanlıurfa'nın Harran ilçesi yakınlarında bulunan ve Hz. Şuayb'ın burada yaşadığına inanılan antik bir yerleşim yeridir. Kentte, Hz. Şuayb'ın makamı olarak kabul edilen bir mağara ve birçok kaya mezarı bulunmaktadır.","The Ancient City of Şuayb is an ancient settlement located near the Harran district of Şanlıurfa, where it is believed that Hz. Şuayb lived. In the city, there is a cave accepted as the place of Hz. Şuayb and many rock tombs.",,FALSE,,,FALSE,,"Wikipedia, Muze.gov.tr","https://tr.wikipedia.org/wiki/%C5%9Fuayb_Antik_Kenti, https://muze.gov.tr/",2023-10-26,39.029722,37.446944
TR-00082,Tarihi Kiğı Köprüleri,Historical Kiğı Bridges,Mimari,Köprü,Bingöl,Kiğı,,"Kiğı, Bingöl, Türkiye",TR-EAST,Kiğı'da bulunan tarihi köprüler hakkında genel bilgiler. Köprülerin yapım tarihleri ve mimari özellikleri hakkında detaylı bilgi bulunmamaktadır.,General information about the historical bridges in Kiğı. Detailed information about the construction dates and architectural features of the bridges is not available.,,FALSE,,,FALSE,,"Wikipedia, Unesco, Muze.gov.tr",,2023-10-26,40.2333,39.2
TR-00083,Taş Köprü,Stone Bridge,Mimari,Köprü,Kars,Merkez,Ortakapı,"Ortakapı Mahallesi, Kars Merkez",TR-EAST,"Taş Köprü, Kars şehir merkezinde bulunan ve Kars Çayı üzerinde yer alan tarihi bir köprüdür. Köprünün ne zaman yapıldığına dair kesin bir bilgi bulunmamakla birlikte, Osmanlı döneminde inşa edildiği tahmin edilmektedir. ","The Stone Bridge is a historical bridge located in the city center of Kars, Turkey, over the Kars River. Although there is no definite information about when the bridge was built, it is estimated to have been built during the Ottoman period.",,FALSE,,,FALSE,,Wikipedia,https://tr.wikipedia.org/wiki/Ta%C5%9F_K%C3%B6pr%C3%BC_(Kars),,43.076944,40.609722
TR-00084,Taş Medrese,Taş Madrasa,Mimari,Medrese,Kahramanmaraş,Dulkadiroğlu,,"Ulu Cami Civarı, Dulkadiroğlu, Kahramanmaraş",TR-EAST,"Taş Medrese, Kahramanmaraş'ta bulunan tarihi bir medresedir. Dulkadiroğulları döneminde yapılmıştır.",Taş Madrasa is a historical madrasa located in Kahramanmaraş. It was built during the Dulkadiroğulları period.,,FALSE,,,FALSE,,"Muze.gov.tr, Wikipedia","https://muze.gov.tr/, https://tr.wikipedia.org/wiki/Ta%C5%9F_Medrese_(Kahramanmara%C5%9F)",2024-01-01,36.925278,37.588611
TR-00085,Taşköprü,Taşköprü,Mimari,Köprü,Adana,Seyhan,,"Seyhan, Adana, Türkiye",TR-EAST,"Taşköprü, Adana'da Seyhan Nehri üzerinde bulunan tarihi bir köprüdür. Roma İmparatoru Flavius Constantinus tarafından yaptırılmıştır.","Taşköprü is a Roman bridge in Adana, Turkey, spanning the Seyhan River. It was built by Roman Emperor Flavius Constantinus.",24 saat açık,FALSE,,,FALSE,Koruma altında,Wikipedia,https://tr.wikipedia.org/wiki/Ta%C5%9Fk%C3%B6pr%C3%BC_(Adana),2023-10-26,35.329444,36.983889
TR-00086,Termessos Antik Kenti,Termessos Ancient City,Antik Kent,Arkeolojik Sit Alanı,Antalya,Döşemealtı,Bayatbademleri,"Bayatbademleri Mahallesi, Termessos Milli Parkı, Döşemealtı/Antalya",TR-EAST,"Termessos, Türkiye'nin Antalya ilinin Döşemealtı ilçesinde yer alan antik bir Pisidia kentidir. Güllük Dağı'nın zirvesine yakın bir konumda, sarp kayalıklar arasında kurulmuştur. Kent, doğal güzellikleri ve iyi korunmuş kalıntılarıyla dikkat çekmektedir.","Termessos is an ancient Pisidian city located in the Döşemealtı district of Antalya, Turkey. It is situated near the summit of Mount Güllük, amidst steep, rocky terrain. The city is notable for its natural beauty and well-preserved ruins.",08:30-17:30,TRUE,,,TRUE,Milli Park,"Wikipedia, Unesco, Muze.gov.tr",https://muze.gov.tr/muze-detay?SectionId=ANT01&DistId=ANT,2023-10-26,30.486944,36.969167
TR-00087,Titus Tüneli,Titus Tunnel,Tarihi Yer,Antik Tünel,Hatay,Samandağ,,,TR-EAST,"Titus Tüneli, Hatay'ın Samandağ ilçesinde bulunan ve Roma İmparatorluğu döneminde dağdan gelen suları şehirden uzaklaştırmak amacıyla yapılan antik bir tüneldir.","The Titus Tunnel is an ancient Roman tunnel near Samandağ, Turkey, built to divert floodwaters from the city.",,FALSE,,,FALSE,,"Wikipedia, Muze.gov.tr",https://en.wikipedia.org/wiki/Vespasianus_Titus_Tunnel,2023-10-26,36.121944,36.082222
TR-00088,Üç Kümbetler,Üç Kümbetler,Anıt Mezar,Selçuklu Mezarlığı,Erzurum,Yakutiye,,,TR-EAST,"Üç Kümbetler, Erzurum'da bulunan tarihi bir yapılar topluluğudur. Bu yapılar, 12. yüzyılın sonları ile 14. yüzyılın başlarına tarihlenmektedir ve Anadolu Selçuklu dönemine aittir. Kümbetler, Türk İslam sanatının önemli örneklerindendir.","Üç Kümbetler (Three Tombs) are a historical complex located in Erzurum, Turkey. These structures date back to the late 12th and early 14th centuries, belonging to the Anatolian Seljuk period. The tombs are important examples of Turkish Islamic art.",,FALSE,,,FALSE,,"Wikipedia, Muze.gov.tr",https://tr.wikipedia.org/wiki/%C3%9C%C3%A7_K%C3%BCmbetler,,41.2744,39.9169
TR-00089,Urartu Kalıntıları (Van),Urartian Remains (Van),Arkeolojik Alan,Antik Kent,Van,Tuşba,Merkez,,TR-EAST,"Van'daki Urartu kalıntıları, bölgenin zengin tarihini yansıtan önemli arkeolojik alanlardır. Bu kalıntılar, Urartu Krallığı'nın izlerini taşır ve bölgenin kültürel mirasının önemli bir parçasını oluşturur.",The Urartian ruins in Van are important archaeological sites reflecting the rich history of the region. These ruins bear traces of the Urartu Kingdom and form an important part of the region's cultural heritage.,,FALSE,,,TRUE,Koruma Altında,"Wikipedia, Unesco, Muze.gov.tr",https://muze.gov.tr/,2023-10-26,43.295833,38.486944
TR-00090,Urfa Kalesi,Urfa Castle,Tarihi Kale,Savunma Yapısı,Şanlıurfa,Haliliye,Kaleboynu,"Kaleboynu, 63200 Haliliye/Şanlıurfa, Türkiye",TR-EAST,"Urfa Kalesi, Şanlıurfa'da bulunan tarihi bir kaledir. Kale, şehrin merkezinde, yüksek bir tepe üzerinde yer almaktadır. Tarihi boyunca birçok medeniyete ev sahipliği yapmıştır ve günümüzde turistik bir cazibe merkezidir.",Urfa Castle is a historical castle located in Şanlıurfa. The castle is located on a high hill in the city center. It has hosted many civilizations throughout its history and is now a tourist attraction.,Açık,FALSE,,,FALSE,,"Wikipedia, Unesco, Muze.gov.tr",https://tr.wikipedia.org/wiki/%C5%9Eanl%C4%B1urfa_Kalesi,2023-10-26,38.794722,37.146667
TR-00091,Van Kalesi,Van Fortress,Tarihi Kale,Urartu Kalesi,Van,Tuşba,Eski Van Şehri,"Van Kalesi, Tuşba, Van, Türkiye",TR-EAST,"Van Kalesi, Van Gölü'nün doğusunda yer alan ve Urartular tarafından MÖ 9. yüzyılda inşa edilmiş tarihi bir kaledir. Urartu Krallığı'nın başkenti Tuşpa'nın merkeziydi ve stratejik öneme sahipti.","Van Fortress is a historical castle located east of Lake Van, built by the Urartians in the 9th century BC. It was the center of Tuşpa, the capital of the Urartu Kingdom, and had strategic importance.",,FALSE,,,FALSE,Koruma Altında,"Wikipedia, Muze.gov.tr","https://tr.wikipedia.org/wiki/Van_Kalesi, https://muze.gov.tr/",2023-10-26,43.283333,38.483333
TR-00092,Varda Köprüsü,Varda Bridge,Mimari,Köprü,Adana,Karaisalı,Hacıkırı,"Hacıkırı, Karaisalı/Adana, Türkiye",TR-EAST,"Varda Köprüsü, diğer adıyla Alman Köprüsü, Adana'nın Karaisalı ilçesinde bulunan tarihi bir demiryolu köprüsüdür. 1912 yılında Almanlar tarafından inşa edilmiştir.","Varda Bridge, also known as the German Bridge, is a historical railway bridge located in the Karaisalı district of Adana. It was built in 1912 by Germans.",,FALSE,,,FALSE,,Wikipedia,https://tr.wikipedia.org/wiki/Varda_K%C3%B6pr%C3%BCs%C3%BC,2023-10-20,35.085833,37.343889
TR-00093,Yakutiye Medresesi,Yakutiye Madrasa,Mimari,Medrese,Erzurum,Yakutiye,,,TR-EAST,"Yakutiye Medresesi, Erzurum'da bulunan tarihi bir medresedir. İlhanlı hükümdarı Sultan Olcayto döneminde, Cemaleddin Hoca Yakut tarafından 1310 yılında yaptırılmıştır. Türk-İslam eserlerinin önemli örneklerindendir.","The Yakutiye Madrasa is a historical madrasa located in Erzurum. It was built in 1310 during the reign of Ilkhanid ruler Sultan Olcayto, by Cemaleddin Hoca Yakut. It is an important example of Turkish-Islamic works.",,FALSE,,,FALSE,,"Muze.gov.tr, Wikipedia",https://muze.gov.tr/muze-detay?SectionId=ERZ01&DistId=ERZ,2023-10-26,41.274444,39.916944
TR-00094,Yazılı Kanyon,Yazılı Canyon,Doğal Alan,Kanyon,Isparta,Sütçüler,Kuzca,"Kuzca, Sütçüler/Isparta",TR-EAST,"Yazılı Kanyon Tabiat Parkı, Isparta'nın Sütçüler ilçesinde bulunan doğal güzellikleriyle ünlü bir tabiat parkıdır. Kanyonun içinden geçen akarsu ve çevresindeki zengin bitki örtüsü ziyaretçilerini cezbeder. Ayrıca kanyonun kayalıklarında antik döneme ait yazılar bulunmaktadır.",Yazılı Canyon Nature Park is a nature park famous for its natural beauties in the Sütçüler district of Isparta. The stream flowing through the canyon and the rich vegetation around it attract visitors. There are also ancient inscriptions on the rocks of the canyon.,,TRUE,,,FALSE,Tabiat Parkı,"Wikipedia, Muze.gov.tr","https://tr.wikipedia.org/wiki/Yaz%C4%B1l%C4%B1_Kanyon_Tabiat_Park%C4%B1, https://muze.gov.tr/",2023-10-26,38.313889,30.818889
TR-00095,Yesemek Açık Hava Heykel Atölyesi,Yesemek Open Air Sculpture Workshop,Arkeolojik Alan,Heykel Atölyesi,Gaziantep,İslahiye,Yesemek,"Yesemek Köyü, İslahiye, Gaziantep",TR-EAST,"Yesemek Açık Hava Heykel Atölyesi, Türkiye'nin Gaziantep ilinin İslahiye ilçesinde bulunan antik bir taş ocağı ve heykel atölyesidir. Hitit İmparatorluğu döneminde başlayıp daha sonra Roma döneminde de kullanılmıştır.","Yesemek Open Air Sculpture Workshop is an ancient quarry and sculpture workshop located in the İslahiye district of Gaziantep, Turkey. It started during the Hittite Empire and was later used during the Roman period.",08:00-19:00,FALSE,,,TRUE,Sit Alanı,"Wikipedia, Unesco, Muze.gov.tr",https://muze.gov.tr/muze-detay?SectionId=YSK01&DistId=YSK,2023-10-26,36.883333,37.183333
TR-00096,Zerzevan Kalesi,Zerzevan Castle,Arkeolojik Alan,Kale,Diyarbakır,Çınar,Demirören Mahallesi,"Zerzevan, Demirören Mahallesi, Çınar/Diyarbakır",TR-EAST,"Zerzevan Kalesi, Diyarbakır'ın Çınar ilçesinde bulunan tarihi bir Roma askeri üssüdür. İçerisinde Mithras tapınağı da bulunan kale, önemli bir turistik merkezdir.","Zerzevan Castle is a historical Roman military base located in the Çınar district of Diyarbakır. The castle, which also houses a Temple of Mithras, is an important tourist center.",08:00–17:00,TRUE,,,FALSE,,"Wikipedia, Unesco, Muze.gov.tr",https://muze.gov.tr/muze-detay?SectionId=VRN01&PlaceId=37791,2023-10-26,40.445833,37.766667
TR-00097,Zeugma Antik Kenti,Zeugma Ancient City,Arkeolojik Sit Alanı,Antik Kent,Gaziantep,Nizip,Belkıs,"Belkıs Köyü, Nizip, Gaziantep",TR-EAST,"Zeugma, Gaziantep ilinin Nizip ilçesi yakınlarında bulunan antik bir kenttir. MÖ 300'lerde Büyük İskender tarafından 'Selevkos Euphrates' adıyla kurulmuştur. Roma İmparatorluğu döneminde önemi artmış ve büyük bir ticaret merkezi haline gelmiştir. Özellikle mozaikleriyle ünlüdür.","Zeugma is an ancient city located near the town of Nizip in Gaziantep Province, Turkey. It was founded as 'Seleucia on the Euphrates' by Seleucus I Nicator in the 3rd century BC. It rose to prominence during the Roman Empire, becoming a major commercial center. It is particularly famous for its mosaics.",08:00-17:00 ,TRUE,,,TRUE,Sit Alanı,"Wikipedia, Unesco, Muze.gov.tr","https://tr.wikipedia.org/wiki/Zeugma_(antik_kent), https://whc.unesco.org/en/tentativelists/5032/, https://muze.gov.tr/",2023-10-26,37.051944,37.069722
TR-00098,Zeugma Mozaik Müzesi,Zeugma Mosaic Museum,Müze,Arkeoloji Müzesi,Gaziantep,Şehitkamil,Mithatpaşa,"Mithatpaşa Mahallesi, Hacı Sani Konukoğlu Bulvarı No:12, Şehitkamil, Gaziantep",TR-EAST,"Zeugma Mozaik Müzesi, Türkiye'nin Gaziantep şehrinde bulunan ve özellikle Roma dönemine ait mozaikleriyle ünlü bir müzedir. Müzede, Zeugma antik kentinden çıkarılan mozaikler sergilenmektedir. Müze, dünyanın en büyük mozaik müzelerinden biridir ve özellikle 'Çingene Kızı' mozaiği ile tanınır.","The Zeugma Mosaic Museum in Gaziantep, Turkey, is renowned for its Roman-era mosaics. The museum houses mosaics excavated from the ancient city of Zeugma and is one of the largest mosaic museums in the world, best known for the 'Gypsy Girl' mosaic.",08:30–17:30,TRUE,,,FALSE,,"Wikipedia, Muze.gov.tr",https://muze.gov.tr/muze-detay?SectionId=GAM01&PlaceId=3687,2023-10-26,37.059167,37.049444
TR-00099,Zinciriye Medresesi,Zinciriye Madrasa,Mimari,Medrese,Mardin,Merkez,Şar,"Şar Mahallesi, 47100 Artuklu/Mardin",TR-EAST,"Zinciriye Medresesi, Mardin'de bulunan tarihi bir medresedir. Artuklu döneminde inşa edilmiştir ve şehrin önemli tarihi yapılarından biridir.",Zinciriye Madrasa is a historical madrasa located in Mardin. It was built during the Artuqid period and is one of the important historical structures of the city.,09:00-17:00,FALSE,,,FALSE,Kültür Varlığı,"Wikipedia, Muze.gov.tr","https://tr.wikipedia.org/wiki/Zinciriye_Medresesi, https://muze.gov.tr/",2024-01-01,40.734444,37.327778